ANMUT-C,330.00,370.00
AU1148G36,330.00,370.00
AU2958A,330.00,370.00
AU2958G,330.00,370.00
AU2958H,330.00,370.00
AU3086,330.00,370.00
AU3426,330.00,370.00
AU3426 WIDE,330.00,370.00
AU3426H,330.00,370.00
AU4398,330.00,370.00
AU4583,330.00,370.00
AU4583 210,330.00,370.00
AU4782,330.00,370.00
AU4782DREP,330.00,370.00
AU4782K,330.00,370.00
AU5429D,330.00,370.00
AU5429H,330.00,370.00
AU6563,330.00,370.00
AU6953,330.00,370.00
AU7130,330.00,370.00
AU7368H,330.00,370.00
AU7389G,330.00,370.00
AU7389H,330.00,370.00
AU7529,330.00,370.00
AU7538B,330.00,370.00
AU7614-BKAN,330.00,370.00
AU7614-CGAN,330.00,370.00
AU7614CLG-186,330.00,370.00
AUSR7980,330.00,370.00
AUSR8085,330.00,370.00
AUSR7805,330.00,370.00
